432,Odessa Analyzer,Solid
432,Odessa Analyzer,Solid
432,Odessa Analyzer,Solid
432,Odessa Analyzer,Solid
432,Odessa Analyzer,Solid
432,Odessa Analyzer,Solid
654,Firenza,Liquid
654,Firenza,Liquid
GC-05,Manufacturer X,Solid
654,Firenza,Liquid
GC-05,Manufacturer X,Solid
654,Firenza,Liquid
GC-05,Manufacturer X,Solid
654,Firenza,Liquid
GC-05,Manufacturer X,Solid
654,Firenza,Liquid
GC-05,Manufacturer X,Solid
654,Firenza,Liquid
GC-05,Manufacturer X,Solid
654,Firenza,Liquid
GC-05,Manufacturer X,Solid
654,Firenza,Liquid
GC-05,Manufacturer X,Solid
654,Firenza,Liquid
GC-05,Manufacturer X,Solid
654,Firenza,Liquid
GC-05,Manufacturer X,Solid
654,Firenza,Liquid
GC-05,Manufacturer X,Solid
654,Firenza,Liquid
GC-05,Manufacturer X,Solid
654,Firenza,Liquid
GC-05,Manufacturer X,Solid
654,Firenza,Liquid
GC-05,Manufacturer X,Solid
654,Firenza,Liquid
654,Firenza,Liquid
654,Firenza,Liquid
654,Firenza,Liquid
654,Firenza,Liquid
654,Firenza,Liquid
GC-12,Varian,Gas
654,Firenza,Liquid
654,Firenza,Liquid
GC-12,Varian,Gas
654,Firenza,Liquid
654,Firenza,Liquid
GC-12,Varian,Gas
654,Firenza,Liquid
654,Firenza,Liquid
GC-12,Varian,Gas
654,Firenza,Liquid
654,Firenza,Liquid
GC-12,Varian,Gas
GC-12,Varian,Gas
GC-12,Varian,Gas
GC-12,Varian,Gas
GC-12,Varian,Gas
GC-12,Varian,Gas
GC-12,Varian,Gas
GC-12,Varian,Gas
678,Firenza,Solid
GC-12,Varian,Gas
678,Firenza,Solid
678,Firenza,Solid
GC-12,Varian,Gas
678,Firenza,Solid
678,Firenza,Solid
678,Firenza,Solid
GC-12,Varian,Gas
678,Firenza,Solid
678,Firenza,Solid
678,Firenza,Solid
GC-12,Varian,Gas
678,Firenza,Solid
678,Firenza,Solid
GC-01,Thermo,Gas
678,Firenza,Solid
GC-12,Varian,Gas
678,Firenza,Solid
678,Firenza,Solid
678,Firenza,Solid
GC-12,Varian,Gas
678,Firenza,Solid
678,Firenza,Solid
432,Odessa Analyzer,Solid
432,Odessa Analyzer,Solid
432,Odessa Analyzer,Solid
432,Odessa Analyzer,Solid
678,Firenza,Solid
GC-12,Varian,Gas
678,Firenza,Solid
678,Firenza,Solid
678,Firenza,Solid
GC-12,Varian,Gas
678,Firenza,Solid
678,Firenza,Solid
678,Firenza,Solid
678,Firenza,Solid
678,Firenza,Solid
678,Firenza,Solid
GC-12,Varian,Gas
678,Firenza,Solid
678,Firenza,Solid
678,Firenza,Solid
GC-12,Varian,Gas
678,Firenza,Solid
678,Firenza,Solid
Firenza,Solid
Firenza,Solid
Firenza,Solid
Firenza,Solid
Firenza,Solid
Firenza,Solid
Firenza,Solid
Firenza,Solid
Firenza,Solid
New Manufacturer,Liquid
Firenza,Solid
Firenza,Solid
New Manufacturer,Liquid
Firenza,Solid
New Manufacturer,Liquid
Firenza,Solid
Firenza,Solid
New Manufacturer,Liquid
Firenza,Solid
New Manufacturer,Liquid
Firenza,Solid
New Manufacturer,Liquid
Firenza,Solid
Firenza,Solid
Firenza,Solid
Firenza,Solid
Firenza,Solid
New Manufacturer,Liquid
Firenza,Solid
Firenza,Solid
New Manufacturer,Liquid
Firenza,Solid
Firenza,Solid
New Manufacturer,Liquid
Firenza,Solid
Firenza,Solid
Firenza,Solid
New Manufacturer,Liquid
Firenza,Solid
Firenza,Solid
Firenza,Solid
Firenza,Solid
New Manufacturer,Liquid
Firenza,Solid
Firenza,Solid
Firenza,Solid
Firenza,Solid
New Manufacturer,Liquid
Firenza,Solid
Firenza,Solid
Firenza,Solid
